"iso","umd_tree_cover_extent_2000__ha","area__ha"
"GHA",1090290.34530118632359005,1090490.37544112841114531
